frame,capture_fps,preprocess_ms,dma_input_ms,fpga_total_ms,runtime_ms,decode_nms_ms,jpeg_publish_ms,processing_ms,frame_available_to_publish_ms,output_interval_ms,dropped_frames,detections,cpu_percent,temperature_c,cma_used_kb,cma_free_kb,op_00_conv_ms,op_01_maxpool_ms,op_02_conv_ms,op_03_maxpool_ms,op_04_conv_ms,op_05_maxpool_ms,op_06_conv_ms,op_07_maxpool_ms,op_08_conv_ms,op_09_maxpool_ms,op_10_conv_ms,op_11_maxpool_ms,op_12_conv_ms,op_13_conv_ms,op_14_conv_ms,op_15_conv_ms,op_17_route_ms,op_18_conv_ms,op_19_upsample_ms,op_20_route_ms,op_21_conv_ms,op_22_conv_ms
1,0.0,19.512183000188088,0.4030250001960667,1354.1412899985517,1357.2940610001751,6.2299769997480325,23.904828000013367,1408.842301999357,1411.026118999871,1757.5555059993349,0,0,24.188790560471972,28.21,334972,484228,381.6263139997318,92.93965699998807,146.44485299959342,25.513108000268403,78.72803000009299,7.494413999665994,46.50882899932185,2.4549310001020785,37.17875300026208,1.1554049997357652,64.90610800028662,1.4931880004951381,252.02545699994516,38.46296899973822,62.987104000058025,2.440559999740799,0.3549940001903451,5.397546999120095,0.5275560006339219,1.7635220001466223,99.56682899974112,4.17116199969314
2,3.742194996282065,7.133539000278688,0.45947599937790073,1343.0487950017778,1345.8605309997438,5.522268999811786,6.01917499989213,1367.4038489998566,1394.6229579996725,1369.4818350004425,5,0,2.4809160305343525,27.324,334972,484228,381.50674700045784,90.55594700021175,146.14140799949382,25.391164999746252,78.58631700037222,7.4664130006567575,46.56085900023754,2.443160000439093,36.750336999830324,1.0512529997868114,62.96916399969632,1.5702500004408648,246.1334720001105,38.44991799996933,62.899852000555256,2.4435899995296495,0.3528039997036103,5.388387000493822,0.5272460002743173,1.7776029999367893,99.7937299998739,4.289172999961011
3,3.748060514551391,7.481462999749056,0.3799249998337473,1344.0689269991708,1346.8017479999617,5.488647999300156,5.952014000285999,1368.7533000002077,1434.407196000393,1371.0032480003065,9,0,3.5781544256120568,28.739,334972,484228,381.383571000697,90.77422900008969,146.10408600037772,25.36750499984919,79.72591099951387,7.508384000175283,46.49299799984874,2.452681000249868,36.911099000462855,1.0521029998926679,62.94524199984153,1.574629999595345,246.141687999625,38.37674699934723,62.86932100010745,2.4552209997636965,0.3533950002747588,5.447657999866351,0.5260269999780576,1.7406310007572756,99.62601699953666,4.239782999320596
4,3.7657103257744207,7.24300999991101,0.27748299999075243,1343.000835003295,1345.8773809998092,5.591559000095003,6.004685000334575,1367.548539999916,1472.1042890005265,1369.668516999809,13,0,2.3076923076923106,28.35,334972,484228,381.43938800021715,90.77284700015298,146.02107300015632,25.49021699996956,78.77718799954891,7.516763999774412,46.45432699999219,2.4392109999098466,36.77760699974897,1.047462999849813,62.896120000004885,1.6028000000005704,246.08715500016842,38.44531699996878,63.13211400083674,2.443160000439093,0.35626499993668403,5.342086000382551,0.5292060004649102,1.76498100063327,99.52736500054016,4.138181000598706
5,3.7462965142900626,7.387481000478147,0.3402049997021095,1343.513265997899,1346.3211690004755,5.5598190001546755,5.886813000870461,1368.0956380003408,1510.4240050004591,1370.5049879999933,17,0,4.323308270676696,28.987,334972,484228,381.45271299981687,91.02501899997151,146.0559920005835,25.493246999758412,78.75317699927109,7.49778299996251,46.54946699974971,2.4726009996811626,36.79783600000519,1.0485829998287954,62.9073909994986,1.566840000123193,246.01785100003326,38.48513799948705,63.08996200004913,2.435689999401802,0.4593459998432081,5.398577000050864,0.46742500035179546,1.745421000123315,99.50243399998726,4.290773000320769
6,3.7453715272175256,7.222659000035492,0.28543400003400166,1343.1360729973676,1345.7599880002817,5.508387999725528,5.940393999480875,1367.3993749998772,1542.159472000094,1369.5949929997369,21,0,2.4809160305343525,27.822,334972,484228,381.52090899984614,90.56506199976866,146.07935099957103,25.47963599954528,78.67465500021353,7.50471299943456,46.425004999946395,2.458689999912167,36.879337000755186,1.047982999807573,63.156401999549416,1.5739399996164138,245.90311700012535,38.55136800029868,62.98126000001503,2.4039099998844904,0.3530239991960116,5.471906999446219,0.5265859999781242,1.7461910001657088,99.66608499962604,4.1669420006655855
7,3.7662641621845543,7.537773999501951,0.4365149998193374,1343.098711001403,1345.848382999975,5.586598999798298,11.625123999692732,1373.0414000001474,1585.2766790003443,1375.1584660003573,25,0,3.57142857142857,28.35,334972,484228,381.4719749998403,90.59717200034356,146.05156900051952,25.46509499916283,78.75732499996957,7.509912999921653,46.506185999533045,2.4372200005018385,36.86500599997089,1.0481929994057282,63.1052210001144,1.5735899996798253,246.06570699961594,38.51776700048504,62.966559000415145,2.4419110004600952,0.3640240001914208,5.357496000215178,0.5261770002107369,1.7551620003359858,99.54164100054186,4.173801999968418
8,3.745433387366271,7.77278599980491,0.5874369999219198,1343.3094580013858,1346.2219510001887,5.585399000665348,5.9122029997524805,1368.417265000062,1623.7452949999351,1370.510091000142,29,0,4.485981308411214,28.334,334972,484228,381.54504999965866,90.81875399988348,146.1219370003164,25.414685000214376,78.72804399994493,7.49319300030038,46.53938600040419,2.4571399999331334,36.826936000579735,0.8951820000220323,62.85764800031757,1.5676700004405575,246.03080099950603,38.44754599958833,63.121180000052846,2.4366600000576,0.35219500023231376,5.474747999869578,0.5241170001681894,1.8567030001577223,99.57468099946709,4.225202000270656
9,4.166585827957035,8.106830000542686,0.40279500080941943,1343.146047997834,1345.937003000472,5.469977999382536,5.983154000205104,1368.5076720003053,1530.410593999477,1370.7439399995565,34,0,3.409090909090906,29.018,334972,484228,381.46352600051614,90.59453000008943,146.1695759999202,25.57972599970526,78.55655000003026,7.431232000271848,46.472494000227016,2.4415699999735807,36.767474000043876,1.1640849998002523,62.91557699933037,1.5660989993193652,246.06635999953141,38.606366999374586,62.99427900012233,2.448349999212951,0.3544749997672625,5.415736999566434,0.5299170006765053,1.7639520001466735,99.65939100038668,4.184780999821669
10,3.7452671597269047,7.386821999716631,0.4874659998677089,1343.2945619997554,1346.4500330001101,5.603429000075266,6.021673999384802,1368.1074710002576,1562.7295650001543,1370.1964760002738,38,0,4.477611940298509,27.588,334972,484228,381.43266099996254,90.59534799962421,146.17952499975218,25.483274000180245,78.68321099977038,7.379550999758067,46.582465000028606,2.433749999909196,36.803254000005836,1.0470430006535025,63.22448999981134,1.6070800002125907,246.04106700007833,38.512716000695946,62.95409700032906,2.4402499993811944,0.35200399997847853,5.369536000216613,0.526146000083827,1.7405520002284902,99.63719899951684,4.26934299957793
11,3.76584315990007,7.254619999912393,0.299633999929938,1343.2092729999567,1345.9355310005776,5.5624180004087975,11.54198299991549,1372.2155550003663,1604.9021859998902,1374.440132000018,42,0,2.8462998102466774,28.956,334972,484228,381.5395069996157,90.60237700032303,146.1450930000865,25.470894000136468,78.79685199986852,7.386651000160782,46.46627300007822,2.434770000036224,36.85022400077287,1.046772999870882,63.14542899963271,1.5711389996795333,246.13630400017428,38.51289500016719,62.95350599975791,2.439539999613771,0.4137349997108686,5.3879460001553525,0.4671950000556535,1.7405520002284902,99.54621699944255,4.155401000389247
12,3.7454919563108553,7.325080000555317,0.40973500017571496,1343.8382689992068,1346.6304749999836,5.359227000553801,5.700050000086776,1367.9823880002004,1378.872252000292,1370.2203559996633,47,0,2.8625954198473247,28.381,334972,484228,382.1872720000101,90.5846460000248,146.05249900068884,25.405092999790213,78.63835900025151,7.472152000445931,46.56394299945532,2.4467399998684414,36.828853999395506,1.0515329995541833,62.840454000252066,1.5693790001023444,246.4671970001291,38.40958300042985,62.99791599940363,2.444939999804774,0.3531749998728628,5.406576000495988,0.5262559998300276,1.749082000060298,99.66378799981612,4.178831999524846
13,4.1662944464498635,7.013456999629852,0.37546499970630975,1342.972468998596,1345.596965000368,5.317405999448965,5.64915899940388,1366.556504000073,1547.8296470000714,1368.6049090001688,51,0,3.7735849056603765,27.138,334972,484228,381.5009679992727,90.62500599975465,146.20576099969185,25.414622999960557,78.59417800045776,7.502922999265138,46.42745199998899,2.4372200005018385,36.84246400007396,1.047482999638305,63.09658700047294,1.572688999658567,245.8674469999096,38.540564999493654,62.97140500009846,2.4387299999943934,0.3562840001904988,5.3996070000721375,0.5278170001474791,1.7480609994890983,99.66292700028134,4.192272000182129
14,3.7454642147454265,6.990216000303917,0.2916830007961835,1343.1101609976395,1345.7781130000512,5.529918000320322,5.920433000028424,1367.2184960005325,1579.2074050004885,1369.3124720002743,55,0,3.2196969696969724,26.734,334972,484228,381.55978499980847,90.59474499917997,146.19650900021952,25.367893000293407,78.73586799996701,7.469211999705294,46.56096199960302,2.4346000000150525,36.846602999503375,1.053062999744725,63.12728600005357,1.4589479997084709,246.06962599955295,38.3855219997713,62.966934000542096,2.4435999994238955,0.36563400044542504,5.436747000203468,0.527135999618622,1.740421999784303,99.54551400005585,4.223552000439668
15,3.7659997664491955,7.4860320000880165,0.5720870003642631,1342.8797109982042,1345.8558789998278,5.640248999952746,12.041887999657774,1372.7666190006858,1622.0726750007088,1374.9008360000516,59,0,3.20754716981132,28.412,334972,484228,381.4141489992835,90.53643199968064,146.18496599996433,25.412512000002607,78.64057599999796,7.438910999553627,46.50485199999821,2.440930000375374,36.912283000674506,1.0517829996388173,62.92206299985992,1.5751499995531049,246.06712400054676,38.43248299926927,62.96804399971734,2.430360000289511,0.35134399968228536,5.334335000043211,0.5236160004642443,1.8439119994582143,99.64638400015247,4.247501999998349
16,3.745634595146375,7.324449999941862,0.3634650001913542,1343.693967002764,1346.3777589995516,5.321515999639814,5.731250000280852,1367.8835330001675,1396.122559000105,1370.1504909995492,64,0,3.7878787878787845,29.034,334972,484228,381.4792539997143,91.22890999969968,146.0725340002682,25.49316299973725,78.70816700051364,7.493191999856208,46.46468100054335,2.4432899999737856,36.904723000589,1.05718299982982,62.957023000308254,1.5688690000388306,246.01472900030785,38.5627529994963,62.97042300047906,2.456780000102299,0.3521750004438218,5.382666000514291,0.5283870004859637,1.7453410000598524,99.62369200002286,4.186031999779516
17,4.166552496185736,7.375299999694107,0.27281299935566494,1342.856053000105,1345.3691830000025,5.311765000442392,5.731459999879007,1366.6569529996195,1564.809475000402,1368.7397590001638,68,0,2.851711026615966,27.464,334972,484228,381.4233899993269,90.61975200074812,146.16073300021526,25.393170999450376,78.75235600022279,7.473791999473178,46.419948999755434,2.4360090001209755,36.80635100045038,1.046463000420772,63.04049400023359,1.5708589999121614,245.96474600002693,38.60633400017832,62.972173000162,2.4431199999526143,0.35278399991511833,5.39874699916254,0.5276270003378158,1.7590709994692588,99.51889100011613,4.169241000454349
18,3.7452621345520662,7.192807999672368,0.4136849993301439,1342.8153340009885,1345.4570479998438,5.405725999480637,5.718960000194784,1367.164753999532,1596.0998219998146,1369.22093999965,72,0,3.5916824196597363,27.713,334972,484228,381.3982149995354,90.62905100017815,146.0834210001849,25.42040100070153,78.611763000481,7.481270999960543,46.547190000637784,2.429618999485683,36.80359100053465,1.044852999257273,63.06950300040626,1.5675189997637062,246.0133249996943,38.47588200005703,62.977741000395326,2.4418599996351986,0.3541040005075047,5.397965999691223,0.5286360001264256,1.745702000334859,99.62362999976904,4.170090999650711
19,3.7660932969457677,7.101116999365331,0.3618540004026727,1342.9955600004178,1345.7068950001485,6.144425999991654,10.799552000207768,1372.386051999456,1374.4901279997066,1374.6958900001118,77,0,4.315196998123827,29.112,334972,484228,381.455841999923,90.59720900040702,146.081908999804,25.369461000082083,78.63511300001846,7.434580999870377,46.45259900007659,2.4287790001835674,37.03658300037205,1.0686330006137723,62.93338999967091,1.569989000017813,246.19072299992695,38.443670000560815,62.97332099984487,2.456449999954202,0.352643999576685,5.411815999650571,0.5269760004011914,1.746681999975408,99.64006900008826,4.189120999399165
20,3.7456896207447503,7.033405999209208,0.29149400052119745,1342.9644169973471,1345.6006599999455,5.302045000462385,5.803531000310613,1366.3905939993128,1411.0789509995811,1368.4299289998307,81,0,4.135338345864659,27.992,334972,484228,381.3808370005063,90.5862879999404,146.06327699948451,25.346649999846704,78.60471099957067,7.482731999516545,46.60077999960777,2.440010000100301,36.85688099994877,1.050341999871307,62.95192899960966,1.571429000250646,246.1782009995659,38.52583099978801,62.9853809996348,2.436199999465316,0.35308400038047694,5.398776000220096,0.5239960000835708,1.7364019995511626,99.7150290004356,4.175650999968639
21,3.7452094569399907,7.280788999196375,0.2893739992941846,1342.9489629988893,1345.580343999245,5.545886999243521,6.010993999552738,1367.2600679992684,1442.5264589999642,1369.2783129999953,85,0,3.402646502835538,28.241,334972,484228,381.3791120001042,90.84515999984433,146.0370349996083,25.341058999401866,78.72212300026149,7.5339320001148735,46.45571800028847,2.4423999993814505,36.76983900004416,1.047912000103679,62.92589899931045,1.5691700000388664,246.06410700016568,38.45930999978009,62.987539999994624,2.438159999655909,0.3527040007611504,5.379715999879409,0.5277159998513525,1.7364719997203792,99.63108600004489,4.302793000533711
22,3.7656835991240762,6.950663999305107,0.3675440002552932,1343.2249569987107,1345.8594619996802,5.327124999894295,5.820561000291491,1366.8387580000854,1479.439254000681,1368.907274000776,89,0,4.299065420560744,27.091,334972,484228,381.47427900003095,90.86781999940285,146.01123299962637,25.491860999864002,78.69381999989855,7.478970999727608,46.45415699997102,2.4404799996773363,36.90310000001773,1.0492030005480046,62.92023799960589,1.5649689994461369,245.9891720000087,38.45017899948289,63.1292210000538,2.4524800001017866,0.35369400029594544,5.418176000603125,0.5266360003588488,1.7436409998481395,99.62962600002356,4.182001000117452
23,3.745895939051551,7.073007000144571,0.37826500010851305,1343.2600590003858,1345.9806499995466,5.294153999784612,11.11471599961078,1372.330511000655,1521.7941350001638,1374.4946269998763,93,0,3.9622641509433953,28.878,334972,484228,381.50656600009825,90.48104300018167,146.1256719994708,25.389720000021043,78.61959899946669,7.465511000191327,46.47493700031191,2.5665409993962385,36.894759999995586,1.0511829996175948,62.993518999974185,1.570450000144774,246.42713599951094,38.464299000224855,62.89767700036464,2.437869999994291,0.3560350005500368,5.394936000811867,0.5264770006760955,1.743271000123059,99.674655999479,4.1982009997809655
24,4.16660970563809,7.106066000233113,0.2946540007542353,1343.0882469992866,1345.7218300000022,5.309594999744149,5.6449590001648176,1366.8099260003146,1426.6160859997399,1368.8710719998198,98,0,3.766478342749524,27.604,334972,484228,381.5133509997395,90.75716600000305,146.0499200002232,25.41417999964324,78.76417999978003,7.489100999919174,46.52549700040254,2.441649000502366,36.868789000436664,1.0488019997865194,62.93674700009433,1.5732600004412234,246.05556700043962,38.42588799943769,62.909546999435406,2.433289999316912,0.35214399940741714,5.370095999751356,0.5257070006337017,1.740140999572759,99.70647399950394,4.1867510008160025
25,3.7454908831166285,7.020365000244055,0.2746239997577504,1343.5437210027885,1346.1758920002467,5.316255000252568,5.727359000047727,1367.0380749999822,1457.8748919993814,1369.1146009996373,102,0,3.766478342749524,28.163,334972,484228,381.4293860004909,90.81940600026428,146.1123700000826,25.33269899959123,78.65166700048576,7.495121999454568,46.420874999967054,2.4404289997619344,36.84885900020163,1.0470920005900552,62.94147700009489,1.5655289998903754,246.19432700001198,38.53593900021224,62.93151600038982,3.0154259993651067,0.3607950002333382,5.390776000240294,0.525867000760627,1.7414009998901747,99.54622200075391,4.196541000055731
26,3.7658178140500658,7.253728000250703,0.392584999644896,1343.0865279997306,1345.7519809999212,5.32222499987256,5.674109000210592,1366.72933599948,1494.3760099995416,1368.800801999896,106,0,4.315196998123827,28.334,334972,484228,381.4357809997091,90.68486300020595,146.10416699997586,25.378178999744705,78.64285699997708,7.499391000237665,46.417295000537706,2.440229000058025,36.89269900041836,1.0478029998921556,62.93472500055941,1.5686789993196726,246.15540500053612,38.54130899981101,63.137707999885606,2.4433399994450156,0.35366399970371276,5.420534999757365,0.5255559999568504,1.7461120005464181,99.5347899997796,4.181440999673214
27,3.7455670535044003,6.978014999731386,0.28441300037229666,1343.3715900055176,1346.1395809999885,5.542826999771933,5.971892999696138,1367.6715919991693,1532.2571729993797,1369.7132269999202,110,0,3.7807183364839347,27.822,334972,484228,381.42772700030037,91.14093800053524,146.03670599990437,25.423639000109688,78.58323600066797,7.495801000004576,46.49519600025087,2.446409999720345,36.77872699972795,1.0511630007385975,62.85801400008495,1.5741990000606165,246.0246789996745,38.509708000674436,62.95252500058268,2.4353400003747083,0.35318400023243157,5.417955000666552,0.5259970002953196,1.7403810006726417,99.79976300019189,4.3003020000469405
28,4.1664738179556515,7.048485000268556,0.2809630004776409,1343.0675979989246,1345.6794319999972,5.341354999472969,5.6708590000198456,1366.6437560004852,1436.7292480001197,1368.7394820008194,115,0,4.315196998123827,28.723,334972,484228,381.37015299980703,90.85703399978229,146.10359400012385,25.48437899986311,78.65695500004222,7.5365620004959055,46.57538499941438,2.442488999804482,36.75485599978856,1.0557929999777116,62.88057400070102,1.5671490000386257,246.04047699995135,38.50038700056757,62.937093999607896,2.43477999993047,0.3529449995767209,5.49249600044277,0.5240760001470335,1.7415009997421294,99.57120799936092,4.187710999758565
29,3.7453519865824325,7.160176999605028,0.41563499962649075,1343.1039639981464,1345.813167000415,5.362785000215808,5.680389000190189,1366.8973429994367,1467.9817299993374,1368.9690679993873,119,0,2.851711026615966,27.899,334972,484228,381.39612799932365,90.84566199999244,146.07945199986716,25.374527999701968,78.69852499970875,7.507561000238638,46.492833999764116,2.4562900007367716,36.880996999570925,0.8874609993654303,62.9612039992935,1.5708800001448253,245.97827400066308,38.453776000096695,63.18471600025077,2.4428089991488378,0.35337400004209485,5.432396000287554,0.5258869996396243,1.74688100014464,99.65471899977274,4.179610000392131
30,3.7660496868627047,7.24682700001722,0.36832499972661026,1343.199519998052,1346.1154560000068,5.598857999757456,5.963711999356747,1367.7584779998142,1505.7267109996246,1369.806773000164,123,0,3.598484848484851,27.029,334972,484228,381.49113599956763,90.69819000069401,146.07956100007868,25.36048700039828,78.64619300016784,7.491370000025199,46.56647400042857,2.4472089999107993,36.79112600002554,0.8896709996406571,62.87843199970666,1.5902589993856964,246.07484099942667,38.523336999787716,63.036063999788894,2.4819800000841497,0.35329500042280415,5.446765999295167,0.5256269996607443,1.7586710000614403,99.82905899960315,4.239771999891673
31,3.7457150225798657,7.461289999810106,0.33943400012503844,1343.2606000005762,1346.0224419995939,5.335973999535781,10.483056000339275,1370.790090999435,1546.6980029996193,1372.895626999707,127,0,5.185185185185182,28.024,334972,484228,381.40865199966356,90.63881700058118,146.13788000042405,25.42498799994064,78.66797299993777,7.534372000009171,46.608024000306614,2.436650000163354,36.754875000042375,1.0482220004632836,63.027514000168594,1.638238999476016,246.05657900065125,38.58434799985844,62.97905300016282,2.4492700003975187,0.3674749996207538,5.398174999754701,0.5278259995975532,1.7425710002498818,99.65576599915948,4.173330999947211
32,3.7454222945413256,6.984114000260888,0.3053329992326326,1342.9435389962237,1345.4853080002067,5.380824999519973,5.6566389994259225,1366.2830299999769,1582.8908129997217,1368.3163650002825,131,0,3.2136105860113395,28.878,334972,484228,381.5374169998904,90.60106699962489,146.11025799968047,25.404277999768965,78.63723099944764,7.4782809997486765,46.44357199958904,2.4364800001421827,36.86490599920944,1.0453419999976177,63.095333999626746,1.5857590005907696,246.10122699959902,38.46309500022471,62.946230999841646,2.4391699998886907,0.35225400006311247,5.403464999290009,0.5276169995340751,1.742061000186368,99.55915400041704,4.169339999862132
33,3.7656695996042564,7.306517999495554,0.3448150000622263,1343.518485000459,1346.194134000143,5.400824999924225,5.985372999930405,1367.7013729993632,1620.5705809998108,1369.8292489998494,135,0,4.3396226415094326,27.837,334972,484228,381.53753400001733,90.53784499974427,146.08025600045949,25.415377999706834,78.61729000069317,7.481010000446986,46.544332999474136,2.4336599999514874,36.82078499969066,1.0657429993443657,62.987882000015816,1.570199000525463,246.62504099978833,38.49693499978457,62.899120000111,2.3893190000308095,0.3546450006979285,5.446136000500701,0.528346999999485,1.7408809999324149,99.79421600019123,4.151929999352433
34,3.7458693876850138,7.251977999658266,0.28551300056278706,1343.443926000873,1346.1882089995925,5.543286999454722,5.997252000270237,1368.0675140003586,1388.8709550001295,1370.1371590004783,140,0,4.502814258911824,27.619,334972,484228,381.39557800059265,90.51191299931816,146.13670499966247,25.622838999879605,78.62947900048312,7.50142099968798,46.512272000654775,2.4742699997659656,36.77657400021417,1.0476030001882464,63.38382499961881,1.485998000134714,246.07599200044206,38.58909599966864,63.08573099977366,2.439789999698405,0.3562639994925121,5.340765000255487,0.5275869998513372,1.8132020004486549,99.55287200045859,4.184150000583031
35,4.166600386469954,7.307648000278277,0.27320400022290414,1342.8265249995093,1345.4965460005042,5.346853999981249,5.702368999664031,1366.9815150005888,1558.0839820004257,1369.2227120000098,144,0,2.6666666666666616,26.547,334972,484228,381.4753139995446,90.59325399994123,146.13849400029721,25.463938000029884,78.71552999949927,7.426129000123183,46.51349199957622,2.436640000269108,36.76240400000097,1.0454719995323103,63.06614100049046,1.5730889999758801,245.9609069992439,38.50003400020796,62.95369899999059,2.442890000565967,0.354044000232534,5.413795999629656,0.5253959998299251,1.7433010007152916,99.54175999973813,4.180801000075007
36,3.7454517083789716,7.196627000666922,0.37763500040455256,1343.0364450005072,1345.6787639997856,5.482085999574338,5.99243199940247,1367.107643000054,1595.2069839995602,1369.1699069995593,148,0,4.119850187265916,28.272,334972,484228,381.38840999999957,90.59430300021631,146.16348200070206,25.32365499973821,78.6337879999337,7.511441000133345,46.50818100071774,2.462280000145256,36.89619499982655,1.044313000420516,63.02800999947067,1.5674989999752142,246.14976700013358,38.5400250006569,62.94782899931306,2.520879999792669,0.3521649996400811,5.448394999802986,0.5246359996817773,1.7414909998478834,99.52776899990567,4.161931000453478
37,3.7652394371587397,7.620052000675059,0.41174499983753776,1342.941544999121,1345.7254900004045,5.315434000294772,5.694208000022627,1367.2133580002992,1632.4130550001428,1369.3875740000294,152,0,3.9548022598870025,29.143,334972,484228,381.4532960004726,90.47436999935599,146.05663899965293,25.37987499999872,78.58082599977934,7.475870000234863,46.52680000071996,2.4456600003759377,37.034506000054535,1.050372999998217,62.96760799978074,1.5713590000814293,246.0918339993441,38.49430399986886,62.9862880005021,2.4378399994020583,0.3532740001901402,5.400125000051048,0.527155999407114,1.7458709999118582,99.69209999962914,4.195571000309428
38,3.7460543886107383,7.072845000038797,0.27526299982127966,1343.712761999086,1346.5514950003126,5.559725999773946,5.981822000649117,1367.8429219999089,1400.5347049997,1369.9085270000069,157,0,4.331450094161959,27.837,334972,484228,381.48742300018057,91.24034800061054,146.0653789999924,25.577637999958824,78.73282699983974,7.49173999975028,46.429029000137234,2.4365290000787354,36.8619540004147,1.0478329995748936,63.01671799974429,1.5681289996791747,245.97329900007026,38.51948300052754,62.99654800022836,2.455799999552255,0.35402400044404203,5.357043999538291,0.5277369991745218,1.7458809998061042,99.53502700045647,4.2923719993268605
39,4.166801507836295,7.288227999197261,0.34424400018906454,1343.0672000004051,1345.8922139998322,5.54668600034347,11.170564999702037,1371.684023999478,1574.4487129995832,1373.910369999976,161,0,4.291044776119401,27.309,334972,484228,381.5065799999502,90.48982799959049,146.03415500005212,25.470165999649907,78.77022699994995,7.530279999627965,46.48432900012267,2.4386190007135156,36.74977199989371,1.0452030001033563,63.026818000253115,1.5676689999963855,246.14899900007003,38.40809200028161,62.989736999952584,2.4276499998450163,0.3535639998517581,5.402275000051304,0.5248260004009353,1.8307119999008137,99.62710800027708,4.240590999870619
40,3.745215323569029,7.213486999717134,0.38881499949638965,1343.0874329988,1345.8865379998315,5.937670999628608,5.959061999419646,1368.1148650002797,1612.7304960000401,1370.3712920005273,165,0,3.0360531309297945,28.101,334972,484228,381.45749299928866,90.5092169996351,146.0636550000345,25.47044599941728,78.7552459996732,7.411159000184853,46.587840000029246,2.4817100002110237,36.94608400019206,1.0481330000402522,62.93413599996711,1.5662579999116133,246.17809699975624,38.47965200020553,62.90986499971041,2.456910000546486,0.3525339998304844,5.325154000274779,0.5266460002530948,1.8595530000311555,99.58409499995469,4.183549999652314
41,3.7656250421847033,7.285937999768066,0.29098300001351163,1343.4497040025235,1346.1702069998864,5.461166000714002,6.036861999746179,1368.1537419997767,1380.691852000382,1370.3240779996122,170,0,3.5916824196597363,28.086,334972,484228,381.4798100002008,90.57221700004447,146.05698400009715,25.443036000069696,78.73628500055929,7.503150000047754,46.529868000106944,2.566610000030778,36.879901999782305,1.050363000103971,62.95643499925063,1.5692890001446358,246.1331930007873,38.39235099985672,62.88995400063868,2.445600000100967,0.35458399997878587,5.421185000159312,0.5278560001897858,1.7480110000178684,99.93285900054616,4.2601619998094975
42,3.7453701419723067,7.190215999798966,0.29224399986560456,1342.9002749971914,1345.5769969996254,5.582726999818988,6.001392000143824,1367.6111209997543,1418.242248999377,1369.7253359996466,174,0,3.5849056603773577,28.397,334972,484228,381.4700359998824,90.62267699937365,146.13651200033928,25.45921500041004,78.65962300002138,7.5045699995826,46.5746890004084,2.482889999555482,36.771110999325174,1.045502000124543,63.06936700002552,1.4626979991589906,245.88481899991166,38.61184300058085,62.896083999476105,2.439868999317696,0.3523539999150671,5.341374000636279,0.524735999533732,1.7441310001231614,99.68236499935301,4.163810000136436
43,4.166915483609098,7.260276999659254,0.374693999219744,1343.230493000192,1345.9770360004768,5.566505999922811,10.785628999656183,1371.9200159994216,1592.89030599939,1374.1455330000463,178,0,1.7241379310344862,28.459,334972,484228,381.4409409997097,90.60004599996319,146.13886100050877,25.471324999671197,78.80683400071575,7.383969000329671,46.46469699946465,2.4319189997186186,36.81241200047225,1.0490929998923093,63.19067700042069,1.5834980004001409,245.94849499953853,38.505620999785606,63.02071400023124,2.437139999528881,0.3517539998938446,5.478975999722024,0.5277769996610004,1.7436710004403722,99.63143300046795,4.210639999655541
44,3.7457042402622642,7.623020999744767,0.41080499977397267,1342.773532001047,1345.5246980001903,5.297013000017614,5.6490779998057405,1366.9097239999246,1630.0630349996936,1369.217542000115,182,0,3.2196969696969724,29.143,334972,484228,381.47255800049606,90.59081399936986,146.1151389994484,25.42284499941161,78.59234999978071,7.471100000657316,46.50328600018838,2.438299000459665,36.9402619999164,1.0473929996805964,62.94967400026508,1.5697089993409463,245.9792240006209,38.40690900051413,62.979713000459014,2.4468190003972268,0.3557939999154769,5.4101850000733975,0.5252559994914918,1.7450010000175098,99.63828200034186,4.172920000200975
45,3.768277613702367,7.0072839998829295,0.2799639996737824,1343.1073439987813,1345.7887360000313,5.324914000084391,5.686437999429472,1366.7300269999032,1396.8428069993024,1368.7992109998959,187,0,3.7878787878787845,27.324,334972,484228,381.3786130003791,90.55652299957728,146.11891799995647,25.39816399985284,78.57030000013765,7.462889999260369,46.611566999672505,2.4430090006717364,36.86273099992832,1.0484719996384229,63.310757000181184,1.5676880002502003,246.13274400053342,38.455729999441246,62.90790200000629,2.4317090001204633,0.3529939995132736,5.3870039992034435,0.5248070001471206,1.7390510001860093,99.65689100044983,4.1888799996741
46,3.745357534529515,7.061185000566184,0.3133939999315771,1343.1191800018496,1345.7413010000892,5.324513999767078,5.688408000423806,1366.8478440004037,1433.7114830004793,1368.9063480005643,191,0,3.5849056603773577,28.568,334972,484228,381.3759579998077,90.82179599954543,146.02587500030495,25.49302399984299,78.90651300022,7.4970700006815605,46.4360250007303,2.4417590002485667,36.846381000032125,1.0487130002729828,62.93240200011496,1.5693489995101118,246.02840900024603,38.441548999799124,62.91482199958409,2.432268999655207,0.3512740004225634,5.396604999987176,0.5255670002952684,1.7425900005036965,99.68991999994614,4.2013100000986014
47,3.745564801808993,7.095195000147214,0.39483500040660147,1343.6587810001583,1346.5828279995549,5.573346999881323,6.057612000404333,1368.6144009998316,1472.302068999852,1370.6690949993572,195,0,3.969754253308133,27.278,334972,484228,381.4060260001497,90.81482400051755,146.06902400009858,25.330401999781316,78.69726900025853,7.4619890001486056,46.54588599987619,2.433538999866869,36.84002000045439,1.0472220001247479,62.891700000363926,1.5671290002501337,246.16530799994507,38.460599000245566,63.52448799952981,2.44382900018536,0.35500499961926835,5.4672750002282555,0.5282759993860964,1.7451609992349404,99.57489899989014,4.2889110000032815
48,3.7661384292522766,7.390218999717035,0.2905229994212277,1342.8490680016694,1345.492170000398,5.290552999213105,5.628556999909051,1366.8135750003785,1509.308706000411,1369.0700020006261,199,0,2.4809160305343525,27.246,334972,484228,381.35818999944604,90.76642299987725,146.11135300037859,25.357571999848005,78.72168899939425,7.38783799988596,46.526545000233455,2.430608999929973,36.87412999988737,1.0615629998937948,62.831119000293256,1.562028999614995,246.03325500083884,38.48708900022757,63.13637200037192,2.4575389998062747,0.352844000190089,5.405285000051663,0.5252560004009865,1.7454710005040397,99.55576700031088,4.1611300002841745
49,3.7456782177429075,7.110775000001013,0.4273750000720611,1343.2403520000662,1346.0044429994014,5.325343000549765,5.729178000365209,1366.9707330000165,1540.5174719999195,1369.0623069996946,203,0,4.150943396226414,29.251,334972,484228,381.41948799966485,91.15565699994477,146.04621099988435,25.381353000739182,78.58391700028733,7.46421899930283,46.50404400035768,2.442199000142864,36.888139999973646,1.0487429999557207,62.93693000043277,1.5709990002505947,245.98051100019802,38.461668000309146,62.943689999883645,2.4369390002902946,0.3542539998306893,5.395813999712118,0.5247570006758906,1.7412809993402334,99.76443799951085,4.195099999378726
50,4.166669767364418,7.344157999796153,0.40321500000572996,1343.4117979968505,1346.080190000066,5.309662999934517,5.612917000689777,1367.1028110002226,1445.6037560003097,1369.1567550004038,208,0,3.402646502835538,28.645,334972,484228,381.527645999995,90.86977199967805,146.16467999985616,25.352112000291527,78.70127699970908,7.476648999727331,46.436452999842004,2.4403790002907044,36.889608999445045,1.0483619998922222,62.950980000096024,1.568277999467682,246.18223200013745,38.441468000200985,62.995999999657215,2.4297489999298705,0.3533039998728782,5.377544000111811,0.5240559994490468,1.7367009995723492,99.75448699970002,4.190059999928053
51,3.7441703922231206,7.284686999810219,0.37215399970591534,1343.32441299739,1346.0394240000824,5.3082929998709005,5.660217000695411,1367.3307069993825,1483.0886549998468,1369.3603309993705,212,0,3.2196969696969724,28.381,334972,484228,381.37611799993465,90.8215809995454,146.0496379995675,25.486053000349784,78.77836799980287,7.4840289998974185,46.44372300026589,2.440008999656129,36.86503799963248,1.0485220000191475,62.97056999937922,1.5676490002078936,246.07436699989194,38.50185800001782,63.164240999867616,2.435748999232601,0.3543439997883979,5.409874999713793,0.5255470005067764,1.7426800004614051,99.59791399978712,4.186539999864181
52,3.766604765182588,7.031363999885798,0.2902129999711178,1343.2082070003162,1345.897368999431,5.308464000336244,5.634886999359878,1367.010520999429,1520.0438309993842,1369.093446000079,216,0,3.6053130929791233,28.754,334972,484228,381.4053860005515,90.59660700040695,146.09457700044004,25.503602999378927,78.57919400066748,7.473738999578927,46.59190399979707,2.433438000480237,36.83594799986167,1.0493529998711892,62.931797999226546,1.5632390004611807,246.12564499966538,38.557357999707165,63.0066280000392,2.4365389999729814,0.3534740008035442,5.388023999330471,0.5245370002739946,1.740570000038133,99.81869700004609,4.197948999717482
53,3.7453968791463264,7.063533999826177,0.2855040002032183,1342.7624989990363,1345.3607900000861,5.346912999812048,5.607367000266095,1366.387088999545,1550.5983779994494,1368.4532130000662,220,0,3.9473684210526327,29.438,334972,484228,381.53250300001673,90.67093699923134,146.07803499984584,25.371221000568767,78.71546499973192,7.461988000613928,46.51400199963973,2.4408689996562316,36.888299000565894,0.8945810004661325,62.93844700030604,1.5648290000171983,246.1259229994539,38.40695599956234,62.9446579996511,2.4365789995499654,0.3515540001899353,5.377493999731087,0.5249969999567838,1.7421700003978913,99.59136199995555,4.189629999928002
54,4.166398145778109,7.007033000263618,0.4127649999645655,1343.1297239967535,1345.8668809998926,5.5394159999195836,5.954259999271017,1367.20654400051,1455.7784550006545,1369.2596090004372,225,0,3.5849056603773577,28.987,334972,484228,381.51724799990916,90.79692799969052,146.09539399953064,25.374300999828847,78.63961299972289,7.487947999834432,46.44456099958916,2.440489000036905,36.88812699965638,1.0471120003785472,62.94062600045436,1.5716790003352799,246.17069999931118,38.43546600000991,62.89675600055489,2.452828999594203,0.3518739995342912,5.523255000298377,0.5266059997666162,1.728560999254114,99.61828199993761,4.181368999525148
55,3.7456304914425824,6.988563000049908,0.32852399999683257,1343.3013650019348,1345.9771190000538,5.563556000197423,11.661508000543108,1372.8515679995326,1498.6339899996892,1374.939362999612,229,0,3.3898305084745783,28.552,334972,484228,381.4814960005606,90.7936769999651,146.04125100049714,25.50241199969605,78.6294720001024,7.492708999961906,46.54697200021474,2.4401480004598852,36.813956000514736,1.0356820002925815,62.899235999793746,1.5835590002097888,246.00533599914343,38.57601700019586,63.067396999940684,2.480429000570439,0.35334400035935687,5.455054999401909,0.5262259992377949,1.7462300002080156,99.65186099998391,4.178900000624708
56,3.766005205543828,7.278086999576772,0.2869629997803713,1343.419292001272,1346.2800880006398,5.428393999864056,5.941730999438732,1367.7360130004672,1536.4375230001315,1369.8050170005445,233,0,3.2319391634980987,29.127,334972,484228,381.477249999989,90.51130299940269,146.04886999950395,25.587752999854274,78.67461200021353,7.480797999960487,46.56263100059732,2.4637490005261498,36.861537000731914,1.0498120000193012,63.344160999804444,1.5656190007575788,245.96753399964655,38.5481860002983,62.89475399989897,2.4764589998085285,0.35150399980921065,5.481615000462625,0.528345999555313,1.7437910000808188,99.62531900055183,4.173688999799197
57,3.7451428914159597,7.406107999486267,0.5296560002534534,1342.876835995412,1345.80312900016,5.328813000232913,5.633726999803912,1367.334333999679,1567.8563480005323,1369.400167999629,237,0,3.041825095057038,29.935,334972,484228,381.41204599924095,90.774754999984,146.0247579998395,25.32812999925227,78.7656929996956,7.379267000032996,46.577800999330066,2.450678999593947,36.85877600037202,0.8860799998728908,62.961204999737674,1.6114589998323936,246.12718299977132,38.40737500013347,62.94569500005309,2.435958999740251,0.3520540003592032,5.397004000769812,0.525476999428065,1.7434799992770422,99.7312099998453,4.180749999250111
58,4.166782857406997,7.080604000293533,0.3785740000239457,1343.277415000557,1345.9324979994562,5.313383000611793,5.649206999805756,1366.7627340000763,1472.6241970001865,1368.8411690000066,242,0,3.5849056603773577,27.744,334972,484228,381.4933840003505,90.85471399976086,146.06242700028815,25.339529999655497,78.71159100068326,7.4871080005323165,46.45586900005583,2.439198000502074,36.84948499994789,1.0462019999977201,62.86718400042446,1.5745090004202211,246.17916099941795,38.492904999657185,63.16853699991043,2.4423189997833106,0.3541939995557186,5.398514000262367,0.5268559998512501,1.7579509994902764,99.60420799961867,4.171569000391173
59,3.7452623940518155,6.959331999496499,0.33089400039898464,1342.8813669988813,1345.5598290001944,5.330932999640936,10.421602999485913,1372.3711749998984,1515.0312120003946,1374.4328000002497,246,0,3.2015065913371,28.272,334972,484228,381.52813899978355,90.6793119993381,146.0490959998424,25.354110000080254,78.7055999999211,7.495638999898802,46.43155899975682,2.4409090001427103,36.895415999424586,0.8869900002537179,62.917223000113154,1.5666279996366939,246.14702800045052,38.39812299975165,63.06518499968661,2.4406989996350603,0.35290400046505965,5.40966400058096,0.5284770004436723,1.745630000186793,99.67052699994383,4.172508999545244
60,3.7663260973504857,7.148185000005469,0.2764529999694787,1343.4825040021678,1346.2222730004214,5.563536000408931,5.920739999965008,1367.6688170007765,1552.8141830000095,1369.7443510000085,250,0,4.511278195488721,27.884,334972,484228,381.511405999845,90.68396099974052,146.10340500075836,25.348529999973834,78.74745000026451,7.497519000025932,46.47429800024838,2.4394190004386473,36.871604999760166,1.0491820003153407,63.23820700072247,1.5706780004620668,245.96469300013268,38.684737000039604,62.86682199970528,2.4882289999368368,0.467576000119152,5.391893999330932,0.5267859996820334,1.7438209997635568,99.63337600038358,4.178910000518954
61,3.7446823766644775,7.1887439999045455,0.34115400012524333,1343.2421059978878,1345.8791060002113,5.5631649993301835,5.995280999741226,1367.438659999607,1584.403550999923,1369.516004999241,254,0,2.1072796934865856,28.055,334972,484228,381.54167299944675,90.60188799958269,146.08936399963568,25.391799000317405,78.75883899941982,7.507229000111693,46.513927999512816,2.4764989993855124,36.876144999951066,1.101173000279232,62.994262999382045,1.5734090002297307,246.1373830001321,38.541434999388,62.98533300014242,2.3965380005392944,0.35611500061349943,5.336263000572217,0.5262859995127656,1.7404609998266096,99.61588399983157,4.180199000074936
62,3.7457749613277205,7.28231599987339,0.2840730003299541,1343.0158559986012,1345.7575499996892,5.322992999936105,5.644185999699403,1367.0880919999036,1621.4932619996034,1369.2279870001585,258,0,3.62595419847328,29.345,334972,484228,381.46650699945894,90.46409700022195,146.13794300021254,25.499170000330196,78.59691599969665,7.50471799983643,46.52753899972595,2.452077999805624,36.942075000297336,1.0521919994062046,62.94952200005355,1.5701479997005663,246.072298999934,38.42855299990333,62.93943200034846,2.436837999994168,0.35412400029599667,5.395344000135083,0.5248059997029486,1.746390999869618,99.7723649998079,4.182798999863735
63,3.766107523006504,6.993791999775567,0.3407640006116708,1343.0790560023524,1345.6754769995314,5.29344200003834,10.538425000049756,1370.779341999878,1398.2204149997415,1372.8072860003522,263,0,3.598484848484851,28.832,334972,484228,381.5189150000151,90.59439700013172,146.1039610003354,25.381988999470195,78.6839760003204,7.468638000318606,46.607819000200834,2.439229000628984,36.82305300026201,1.047691999701783,62.85258999923826,1.566089000334614,246.1765779999041,38.45052199994825,62.891940000554314,2.4337989998457488,0.3531040001689689,5.3961240000717225,0.5269760004011914,1.7399610005668364,99.82545499951812,4.196249000415264
64,3.7453348448611985,7.193774999905145,0.4369449998193886,1343.8568720011972,1346.6618250004103,5.316341999787255,5.609666000054858,1367.5614809999388,1430.0065759998688,1369.6122849996755,267,0,3.0303030303030276,29.174,334972,484228,381.40580900017085,90.7045570002083,146.13623900004313,25.36553800018737,78.60825500029023,7.47420800053078,46.588797999902454,2.4362590002056095,36.914534000061394,1.0492219998923247,63.13793299977988,1.569989000017813,246.748722999655,38.49214299953019,62.95189100001153,2.4379679998673964,0.3525340007399791,5.400603999987652,0.5256760005067918,1.744250999763608,99.64711199972953,4.164629000115383
65,4.16670648301736,7.059063000269816,0.3852049994748086,1342.9497720017025,1345.663959000376,5.565995999859297,6.406054999388289,1367.4858559998029,1599.2170809995514,1369.5567499999015,271,0,3.2258064516129004,28.039,334972,484228,381.4702159997978,90.52288499970018,146.19424900047306,25.38297900082398,78.71669599990128,7.471258000805392,46.54470800051058,2.448449000439723,36.81530300036684,1.0462730006111087,63.005340000017895,1.5705589994468028,246.11876200015104,38.45509200073138,62.925969999923836,2.4413789997197455,0.3525439997247304,5.323962999682408,0.5260259995338856,1.8336809998800163,99.61347099942941,4.169969000031415
66,3.745149571356863,7.302885000171955,0.27370299994800007,1342.618338997454,1345.195951000278,5.305421999764803,5.669586999829335,1366.171327000302,1371.3118779996876,1368.3935930002917,276,0,3.9473684210526327,29.251,334972,484228,381.4552920002825,90.46188299998903,146.1560970001301,25.419657999918854,78.67450399953668,7.38133699996979,46.5156959999149,2.430589000141481,36.93286399993667,1.0494719999769586,62.91141899964714,1.5683479996368987,245.9785089995421,38.422270999944885,62.94495000020106,2.4367879996134434,0.35260399999970105,5.38881299962668,0.5264359997454449,1.7447700001866906,99.6742399993309,4.191799000182073
67,3.76646191146911,7.068343000355526,0.2963439992527128,1343.1239310029923,1345.9091249997073,5.598646000180452,5.968649999886111,1367.433178000283,1409.170167999946,1369.484052000189,280,0,3.2319391634980987,27.448,334972,484228,381.3588160001018,90.59959300066112,146.0898150007779,25.34714699959295,78.64030299970182,7.521408999309642,46.63681700003508,2.4809700007608626,36.78271199987648,1.0491920002095867,63.36595300035697,1.5875079998295405,246.01869700018142,38.44223100077215,62.92319800013502,2.362107999942964,0.3556439996827976,5.444113000521611,0.5280960003801738,1.738171000397415,99.66426899973158,4.187169000033464
68,3.7457614111007507,7.199075000244193,0.3994749995399616,1343.3017010002004,1346.140285000729,5.297302000144555,5.972459999611601,1367.5654460002988,1440.9807470001397,1369.6515900001032,284,0,3.9473684210526327,28.925,334972,484228,381.49351500032935,90.8301660001598,146.0894930005452,25.48921900051937,78.76022300024488,7.503317999180581,46.49985500054754,2.471738999702211,36.83409200039023,1.0274220003338996,63.02562899963959,1.6172789992197067,246.102664999853,38.3764889993472,62.90188700040744,2.438858999994409,0.3554839995558723,5.398723000325845,0.5279859997244785,1.7474710002716165,99.53684699939913,4.273340000509052
69,4.166319348399304,7.441766999363608,0.4052049998790608,1343.216599997504,1345.9860510001818,5.592925000200921,5.933049999839568,1368.1428399995639,1611.289071000101,1370.3035259995886,288,0,3.766478342749524,28.987,334972,484228,381.40024000040285,90.63616200000979,146.06710199950612,25.471837999248237,78.7591930002236,7.5103380004293285,46.49961499944766,2.5281799998992938,36.92846299964003,1.0497819994270685,62.87022699962108,1.5746890003356384,246.07048300003953,38.43163999954413,62.94858799992653,2.4386579998463276,0.3521649996400811,5.344111999875167,0.52471599974524,1.859422000052291,99.60713600048621,4.343851000157883
70,3.7456209933257885,7.268024999575573,0.3599540004870505,1343.1813849974787,1346.135497999967,5.523003999769571,5.937479999374773,1367.976632999671,1385.134694000044,1370.1939490001678,293,0,2.6666666666666616,28.008,334972,484228,381.5030969999498,90.59098000034282,146.09298999948805,25.415157999304938,78.73217199994542,7.384765999631782,46.460594000564015,2.5979109996114857,36.87174199967558,1.0492320006960654,62.968917999569385,1.5826190001462237,246.09798999972554,38.50241100008134,62.97193699992931,2.487439000105951,0.35306399968249025,5.380142999456439,0.5268260001685121,1.738621000185958,99.70436599996901,4.168408999248641
71,3.7661043458917782,7.343825999669207,0.3757439999390044,1343.451361998632,1346.2053960001867,5.561754999689583,10.633603999849583,1371.9124169992938,1427.372295999703,1374.0176419996715,297,0,4.315196998123827,28.334,334972,484228,381.5482840000186,90.79707199998666,146.0596480001186,25.390967000021192,78.61546900039684,7.456557000296016,46.56174400042801,2.440778999698523,36.879460999443836,1.0477819996594917,62.977846999274334,1.5662689993405365,246.09624700042332,38.43395000058081,62.97268599973904,2.436118999867176,0.36297399947216036,5.464394000227912,0.5276960000628605,1.7391900000802707,99.7959769993031,4.280250000192609
72,3.745213836748977,7.3230060006608255,0.37539400000241585,1343.1476269988707,1345.925958999942,5.531304999749409,5.778238000857527,1367.587253000238,1459.1677340004026,1369.680597000297,301,0,2.6615969581749055,28.334,334972,484228,381.46565899933194,90.72348999961832,146.08056700035377,25.40918700015027,78.62769900020794,7.437706999553484,46.58749500049453,2.4370390001422493,36.810739999964426,1.0466120002092794,63.039157000275736,1.5867479996813927,246.08149499999854,38.49413999978424,62.94152499958727,2.449038999657205,0.3638850002971594,5.431632999716385,0.5269160001262208,1.7440499996155268,99.68826499971328,4.174579000391532
73,4.16671844855796,7.665000000088185,0.29377300052146893,1342.9209839996474,1345.628991999547,5.561554999985674,5.90544900023815,1367.6191800004744,1628.7985310000295,1369.7171140001956,305,0,3.766478342749524,27.806,334972,484228,381.3876349995553,90.45906599931186,146.0788260001209,25.411937000171747,78.63284799987014,7.512877999943157,46.55428400019446,2.4860989997250726,36.92160199989303,1.0492319997865707,62.93890500000998,1.5802289999555796,246.0811119999562,38.37284799919871,63.01194600018789,2.4392980003540288,0.35258400021120906,5.4145229996720445,0.5251869997664471,1.7456700006732717,99.72600500077533,4.238270000314515
74,3.745266006008591,7.316844999877503,0.3363840005476959,1343.5016659987014,1346.3709190000372,5.5256249997910345,5.884358000002976,1367.930929999602,1402.9413790003673,1370.1849959998071,310,0,4.859813084112153,27.977,334972,484228,381.4858030000323,90.63471799981926,146.19914600007178,25.393246000021463,78.68856799996138,7.477586999812047,46.60565399990446,2.4398880004810053,36.76122900014889,1.0484320000614389,63.00989499959542,1.565887999277038,246.01351999990584,38.58516000036616,62.84800299999915,2.4282679996758816,0.4274949997125077,5.378412999561988,0.639618000604969,1.7402200001015444,99.92488599982607,4.206028999760747
75,3.766070628368784,7.218073999865737,0.41245399916078895,1343.2795220014668,1346.0673110002972,5.455423999592313,10.666094000043813,1371.4569379999375,1444.46772900028,1373.590393000086,314,0,2.099236641221369,28.179,334972,484228,381.42975800019485,90.76603800076555,146.11895300004107,25.42264600015187,78.77607900081784,7.509248000133084,46.58013300013408,2.4623990002510254,36.91299000001891,1.0538520000409335,62.84138299997721,1.5674889991714736,246.03290800041577,38.48106799978268,62.87968299966451,2.4437390002276516,0.35134399968228536,5.446913999548997,0.5230660008237464,1.7402710000169463,99.65471099985734,4.284849999748985
76,3.745481599647008,7.262584000272909,0.28031399961037096,1350.2233179997347,1353.0052099995373,5.318412000633543,5.670616000315931,1374.6139410004616,1483.3427780004058,1376.7667960000836,318,0,7.924528301886791,28.039,334972,484228,381.4678349999667,90.70841699940502,146.10144200014474,25.42944600008923,78.77166799971747,7.526908000727417,46.43861099975766,2.493508999577898,36.90669000025082,1.050331999977061,63.149256000542664,1.5684379995946074,252.77723299950594,38.43571800007339,63.0930540000918,2.4464389998684055,0.3663540001070942,5.427322999821627,0.5287359999783803,1.7489600004410022,99.58869000001869,4.198259000077087
77,3.745423265994498,7.584527999824786,0.42381499952171,1351.8805819994668,1355.1238319996628,5.537834000278963,5.726017000597494,1376.8283039999005,1530.1009290005823,1378.8838780001242,322,0,29.601518026565465,28.35,334972,484228,381.71641400003864,92.53295700000308,146.6305360008846,25.805500999922515,78.97949899961532,7.512737000070047,46.682632999363705,2.4718089998714277,37.1346319998338,1.0492119999980787,62.921781999648374,1.5686779997849953,249.57485400045698,38.80596100043476,63.67336099992826,2.4696179998500156,0.3548539998519118,5.424042999948142,0.5289159998937976,1.7469710001023486,100.08940500028984,4.206208999676164
78,3.743673095366966,7.49070700021548,0.6478579998656642,1349.6370820002994,1352.9170619995057,5.321151999851281,5.6850260007195175,1374.2685200004416,1574.3480080000154,1376.6745180000726,326,0,17.680608365019012,28.925,334972,484228,381.9800419996682,94.9655750000602,146.82018699932087,25.672888999906718,78.74910600003204,7.566648000647547,46.56265099947632,2.621700000418059,36.98996999992232,1.0500819998924271,63.1709339995723,1.5739090003989986,246.1569410006632,38.45251700022345,63.02678300016851,2.4306780005645123,0.3551840000000084,5.411662999904365,0.5284259996187757,1.7489609999756794,99.62956799972744,4.172668000137492
79,3.746911196288054,7.0969629996398,0.37241399968479527,1342.8694430022006,1345.5616439996447,5.328832000486727,12.733767999634438,1373.5086189999492,1618.3902450002279,1375.5901229997107,330,0,3.9252336448598157,28.863,334972,484228,381.54148499961593,90.57061300063651,146.04582699939783,25.382424999406794,78.66889399974752,7.48523699985526,46.46902000058617,2.4401390001003165,36.827326999627985,1.0483420001037302,62.97736200031068,1.5705490004620515,246.0780680003154,38.440146000539244,63.15398399965488,2.444818000185478,0.3548140002749278,5.403762000241841,0.5297059997246834,1.7471400005888427,99.51165600068634,4.178129000138142
80,4.166596094945418,7.220984000014141,0.2925629996752832,1343.1122089987184,1345.6818419999763,5.332572000043001,5.6366859998888685,1366.5353639999012,1517.0314119995965,1368.6856989997978,335,0,2.857142857142858,28.008,334972,484228,381.4234289993692,90.50643099999434,146.05719599967415,25.550465999913285,78.64486299968121,7.5013969999417895,46.46900900024775,2.4386180002693436,36.87953799999377,0.8870109995768871,62.968390999230905,1.580609000484401,246.12318700019387,38.546546999896236,63.0957519997537,2.4444479995509028,0.354034000338288,5.421032000413106,0.5266660000415868,1.7457399999329937,99.64011600004596,4.3077290001747315
81,3.7452358621873523,7.1722430002409965,0.33754399919416755,1342.972750001536,1345.5621679995602,5.305472000145528,5.64454499999556,1366.5471210006217,1553.5409210006037,1368.594385000506,339,0,3.5916824196597363,27.604,334972,484228,381.51024599937955,90.61995199954254,146.06952499980252,25.41482500055281,78.72758300072746,7.47500699981174,46.45351899944217,2.4384490006923443,36.850867000794096,1.0474119999344111,63.0774620003649,1.5731979992779088,245.92256199957774,38.527807000718894,62.98637000054441,2.451569000186282,0.35367399959795875,5.409952999798406,0.5291460001899395,1.7440709998481907,99.62196500055143,4.16758800020034
82,3.7452517055170427,7.200402999842481,0.3430030001254636,1343.138089000604,1345.7540579993292,5.335271999683755,5.751296999733313,1366.7872320002061,1590.4277749996254,1368.8405559996681,343,0,3.969754253308133,27.713,334972,484228,381.5617240006759,90.57239999947342,146.06368299973838,25.416454000151134,78.80556300005992,7.492806999835011,46.55429899958108,2.435888000036357,36.87608800009912,1.045492000230297,63.1335019998005,1.5736680006739334,246.11669200021424,38.37558499981242,62.91335900004924,2.437309000015375,0.35464400025375653,5.3966429995853105,0.5269160001262208,1.7467400002715294,99.5649639999101,4.173669000010705
83,3.74556778302857,7.007191000411694,0.28818299961130833,1343.1488509986593,1345.8701460003795,5.371442000068782,5.7625070003268775,1366.7508770004133,1627.2187760005181,1368.8296410000476,347,0,3.5916824196597363,27.231,334972,484228,381.4302779992431,90.56916900044598,146.19469300032506,25.479464999989432,78.71758100009174,7.425755999975081,46.42433800017898,2.4420680001639994,36.887457000375434,1.0456619993419736,62.93605900009425,1.6186579996428918,246.06124999991152,38.50058500029263,63.12572100068792,2.446737999889592,0.35430399930191925,5.415882999841415,0.5292959995131241,1.7471800001658266,99.61033199942904,4.186377999758406
84,4.166650694504685,7.044560999929672,0.33989399980782764,1343.003359001159,1345.6053999998403,5.320331999428163,5.613334999907238,1366.358329999457,1525.5978129998766,1368.39078399953,352,0,3.766478342749524,28.412,334972,484228,381.5043360000345,90.61626899983821,146.01057000072615,25.506504999611934,78.63833000010345,7.494815999962157,46.55519800053298,2.4338379998880555,36.75780499997927,1.0446119995322078,62.989769000523665,1.6104289998111199,246.05803600024956,38.55163600019296,62.954357999842614,2.441218000058143,0.3523049999785144,5.412572000750515,0.5262759996185196,1.7431899996154243,99.62563200042496,4.175658999884035
85,3.7455109512837854,6.978611000704404,0.3655639993667137,1343.2286409988592,1346.0139830003754,5.318821000400931,5.673975999343384,1366.9486449998658,1562.4869869998292,1369.0128289999848,356,0,3.969754253308133,28.723,334972,484228,381.54718300029344,90.59741700002633,146.1727999994764,25.342463000015414,78.74186999924859,7.4730759997692076,46.570988999519614,2.425958000458195,36.76994499983266,1.0533120002946816,63.018658999681065,1.5863879998505581,245.9364940004889,38.451755000096455,63.29326199920615,2.4165480008377926,0.3395339999769931,5.3929320001770975,0.5237360001046909,1.7209299994647154,99.67158200015547,4.181807999884768
86,3.7450222358157386,7.116032000340056,0.37277400042512454,1342.7210609997928,1345.4194920004738,5.381892000514199,5.621354999675532,1373.075630999665,1605.5649489999269,1375.2110360001097,360,0,3.759398496240607,28.055,334972,484228,381.5489789994899,90.46630500051833,146.1753889998363,25.375094000082754,78.69771900004707,7.487935999961337,46.44782600007602,2.430258000458707,36.79083499991975,1.0463520002303994,63.0232879993855,1.5585080000164453,246.15610299952095,38.44898399984231,62.90408699987893,2.436298000247916,0.36652400012826547,5.390002000240202,0.5266759999358328,1.7433210005037836,99.5360389997586,4.164537999713502
87,3.7457762381297592,6.998570000178006,0.2791340002659126,1343.2266740010164,1345.9232260001954,5.318311999872094,10.313769000276807,1370.1174450006874,1374.5173860006616,1372.2512600006667,365,0,3.759398496240607,28.443,334972,484228,381.4918750003926,90.50296499935939,146.18162799979473,25.382673000422074,78.75927900022361,7.484456000383943,46.57287699956214,2.4387180001212982,36.85890499946254,1.0494620000827126,62.83827500010375,1.6155680004885653,246.03537900020456,38.567964999856486,63.1189589994392,2.4452689995086985,0.3528740007823217,5.397072000050684,0.5262060003587976,1.7594300006749108,99.66041999996378,4.186418999779562
88,4.166462180176551,7.053831000121136,0.35739400027523516,1342.6833670027918,1345.443017999969,5.642844999783847,5.975138999929186,1367.1267580002677,1545.315455000491,1369.1910019997522,369,0,3.402646502835538,29.36,334972,484228,381.43280100030097,90.60435500032327,146.03366400024242,25.447534000704763,78.72374799990212,7.49130599979253,46.54107700025634,2.4983380008052336,36.768545000086306,0.9015109999381821,63.08749700019689,1.5705579999121255,245.81751500045357,38.61690500070836,62.89387499964505,2.441278999867791,0.3555940002115676,5.335711999578052,0.5252460005067405,1.8614419996083598,99.55784700014192,4.177017999609234
89,3.7453794739864374,7.403315999908955,0.4050739999001962,1343.2282690009743,1346.0332810000182,5.551844000365236,5.949878999672364,1368.07234600019,1583.7555019998035,1370.4806030000327,373,0,3.4285714285714253,26.36,334972,484228,381.4758870003061,90.59246499964502,146.13354400080425,25.507954000204336,78.64449599946965,7.504745999540319,46.68551800023124,2.436348000628641,36.82664499956445,0.8871600002748892,63.17374800073594,1.5675179993195343,246.13787499947648,38.55732400006673,62.94828500085714,2.4052879998635035,0.35382399983063806,5.390983000324923,0.5254959996818798,1.744209999742452,99.55077700033144,4.178178000074695
90,3.745734335498859,7.332244000281207,0.3569840000636759,1342.5801620023776,1345.556543999919,5.52930399953766,5.779797000286635,1367.2274529999413,1621.0907779995978,1369.3881179997334,377,0,5.719557195571956,27.697,334972,484228,381.4703650004958,90.52331300063088,146.16617299998325,25.373883000611386,78.69680599924322,7.485207000172522,46.54919600034191,2.432727999803319,36.841353999989224,1.046972000040114,62.87453400000231,1.566308000292338,246.01552199965226,38.37978200044745,62.90205400000559,2.376317000198469,0.35523400038073305,5.448232999697211,0.5270060000839294,1.7428399996788357,99.55548600009934,4.2508490005275235
91,3.745981208346175,7.408325000142213,0.28293400009715697,1343.109413000093,1345.7965540001169,5.309410999871034,5.619124999611813,1366.9353969999065,1388.144710999768,1368.994690999898,382,0,3.6121673003802313,28.303,334972,484228,381.41087999974843,90.50907100026961,146.0512399999061,25.37962200040056,78.58592400043563,7.473295999261609,46.56206600066071,2.451387999826693,36.78714299985586,1.0507619999771123,63.35434899938264,1.5757479995954782,246.22116299997288,38.40992200002802,62.949293999736256,2.4393180001425208,0.35371400008443743,5.397832000198832,0.5264360006549396,1.7383699996571522,99.70669700032886,4.175177999968582
92,3.7450629934686153,7.112291999874287,0.4142849993513664,1343.333972000437,1346.122705000198,5.337601000064751,5.630084000586066,1367.0822459998817,1425.1921240002048,1369.1640200004258,386,0,3.5849056603773577,27.557,334972,484228,381.46652700015693,90.87966500010225,146.12320000014734,25.39834199978941,78.76506600041466,7.462025999302568,46.64496599980339,2.4413680002908222,36.891753999952925,1.050542000484711,62.970132999907946,1.5700379999543657,246.10625800050911,38.42879199964955,62.85140199997841,2.4314379998031654,0.35194400061300257,5.376291000175115,0.5252359997029998,1.7370400000800146,99.68131599998742,4.180627999630815
93,3.7454274428932366,7.150993000323069,0.38145399958011694,1342.838286002916,1345.757629000218,5.540584000300441,5.868007000572106,1367.351258000781,1462.5593320006374,1369.3746110002394,390,0,3.7807183364839347,28.148,334972,484228,381.50723399940034,90.70111100027134,146.0892179993607,25.40340199993807,78.65756299997884,7.511167000302521,46.41358299977583,2.4424580005870666,36.75822200057155,1.0528330003580777,62.94950300070923,1.5830480006115977,246.09043700002076,38.404120999985025,63.100055000177235,2.461258000039379,0.3531540005496936,5.369130999497429,0.5301159999362426,1.7477700002928032,99.54284400009783,4.170058000454446
94,3.745075837361086,6.973480999477033,0.2856030005204957,1342.8396600020278,1345.4627119999714,5.337710999810952,5.618074999802047,1366.18862099931,1498.7214530001438,1368.2360939992577,394,0,4.49438202247191,27.122,334972,484228,381.47996899988357,90.6532299995888,146.10186700065242,25.391981000211672,78.62480199946731,7.479715999579639,46.445812999991176,2.4407780001638457,36.8026230007672,1.0498920000827638,62.97998300033214,1.5719080001872499,246.07560399999784,38.44721100085735,62.95315199986362,2.4406180000369204,0.3523739997035591,5.3851920001761755,0.524646000485518,1.7503500002931105,99.7273339999083,4.160616999797639
95,4.166842246981033,7.213122999928601,0.3937249994123704,1342.706971003281,1345.3933599994343,5.3426309996211785,5.632824999338482,1366.7152739999437,1397.6287890000094,1368.7677770003575,399,0,3.5849056603773577,28.303,334972,484228,381.40971600023477,90.64994999971532,146.0955960001229,25.377781000315736,78.6186909999742,7.452895999449538,46.50006300016685,2.4422979995506466,36.91919399989274,1.0488320003787521,62.941562000560225,1.5694980002081138,246.04334100058622,38.45628100043541,62.962531999801286,2.4303680002049077,0.36316400019131834,5.381122000471805,0.5255960004433291,1.74174000039784,99.6056320000207,4.171118000158458
96,3.7454392336546256,7.000550000157091,0.37587400038319174,1343.5910449998119,1346.4260299997477,5.553863000386627,5.908927999371372,1367.8384650002045,1435.484990999612,1369.9476399997366,403,0,3.598484848484851,28.91,334972,484228,381.4060419999805,90.82790999946155,146.1272540000209,25.381031000506482,78.74268199975631,7.4315049996585,46.43594200024381,2.4477980005030986,36.91888299999846,1.0518320004848647,62.84891100040113,1.5703279996159836,246.02506900009757,38.49899099986942,63.447687000007136,2.4962389998108847,0.3514540003379807,5.38943100036704,0.5585259996223613,1.7401499999323278,99.60897099972499,4.284408999410516
97,3.7451270805665833,7.29119300012826,0.2927229998022085,1343.1069160014886,1345.7300789996225,5.30590000016673,5.606054000054428,1366.8849400000909,1472.1237560006557,1368.9621640005498,407,0,2.294455066921608,28.303,334972,484228,381.43184799992014,90.8102900002632,146.1177029996179,25.326659999336698,78.77512200047931,7.512346000112302,46.45199200058414,2.5291689998994116,36.85401200073102,0.9246099998563295,62.83093900037784,1.5729880005892483,246.0878159999993,38.455400000202644,63.068361999285116,2.4407780001638457,0.35664400002133334,5.422992000603699,0.5279360002532485,1.7431999995096703,99.67313099969033,4.192977999991854
98,3.7451103055690314,6.974590000027092,0.2873429993996979,1343.2288759995572,1346.0402600003363,5.539673999919614,5.893217000448203,1367.7262190003603,1510.128388999874,1369.8084329998892,411,0,3.9548022598870025,28.568,334972,484228,381.426724999983,90.69916800035571,146.15382200008753,25.386320000507112,78.76251000016055,7.504144999984419,46.45944100047927,2.437787999951979,36.89481200035516,1.043821999701322,62.838938999448146,1.5775679994476377,246.1401359996671,38.39551900000515,63.01319100020919,2.4350379999305005,0.3523539999150671,5.328690999704122,0.5259760000626557,1.8425409998599207,99.71353099990665,4.296838999835018
99,4.1669608193765075,7.11555199995928,0.3692539994517574,1343.0671829992207,1345.846616000017,5.5044630007614614,5.969657999230549,1367.3324719993616,1409.610084999258,1369.4121949993132,416,0,3.598484848484851,29.764,334972,484228,381.5090819998659,90.61897599985969,146.07249999971827,25.335198999528075,78.67775999966398,7.495974999983446,46.46688200045901,2.4448980002489407,36.88711199993122,1.050282000505831,62.996340999234235,1.5966679993653088,246.2955150003836,38.41992900015612,62.83692799934215,2.441898000142828,0.35273399953439366,5.440162000013515,0.5238760004431242,1.7421500006093993,99.6697780001341,4.1925380000975565
100,3.7453290374691255,7.271382999533671,0.4967559998476645,1343.2050540031923,1346.220008000273,5.550922999645991,5.941667999650235,1368.1147579991375,1447.8053579996413,1370.2319320000242,420,0,3.0360531309297945,28.257,334972,484228,381.4591689997542,90.7543169996643,146.02699800070695,25.488590999884764,78.77949999965494,7.4128249998466345,46.580303000155254,2.442628000608238,36.767020000297634,1.0507020006116363,62.87903799966443,1.5720780002084211,246.16190100005042,38.447079000434314,63.01073000031465,2.4542080000173883,0.35260399999970105,5.425432000265573,0.5617460001303698,1.739580000503338,99.5949970001675,4.243608000251697
